{"config": {"layers": [{"config": {"input_length": 32, "embeddings_regularizer": null, "dtype": "float32", "trainable": true, "input_dim": 1024, "embeddings_initializer": {"config": {"maxval": 0.05, "minval": -0.05, "seed": null}, "class_name": "RandomUniform"}, "mask_zero": false, "batch_input_shape": [null, 32], "activity_regularizer": null, "name": "embedding_1", "output_dim": 32, "embeddings_constraint": null}, "class_name": "Embedding"}, {"config": {"merge_mode": "concat", "name": "bidirectional_1", "layer": {"config": {"use_bias": true, "unit_forget_bias": true, "recurrent_initializer": {"config": {"gain": 1.0, "seed": null}, "class_name": "Orthogonal"}, "unroll": false, "bias_initializer": {"config": {}, "class_name": "Zeros"}, "kernel_constraint": null, "bias_constraint": null, "implementation": 1, "bias_regularizer": null, "return_state": false, "activity_regularizer": null, "units": 32, "activation": "tanh", "kernel_regularizer": null, "return_sequences": true, "recurrent_activation": "hard_sigmoid", "recurrent_regularizer": null, "name": "lstm_1", "recurrent_dropout": 0.0, "go_backwards": false, "kernel_initializer": {"config": {"scale": 1.0, "mode": "fan_avg", "seed": null, "distribution": "uniform"}, "class_name": "VarianceScaling"}, "dropout": 0.0, "recurrent_constraint": null, "trainable": true, "stateful": false}, "class_name": "LSTM"}, "trainable": true}, "class_name": "Bidirectional"}, {"config": {"activation": "relu", "name": "activation_1", "trainable": true}, "class_name": "Activation"}, {"config": {"merge_mode": "concat", "name": "bidirectional_2", "layer": {"config": {"use_bias": true, "unit_forget_bias": true, "recurrent_initializer": {"config": {"gain": 1.0, "seed": null}, "class_name": "Orthogonal"}, "unroll": false, "bias_initializer": {"config": {}, "class_name": "Zeros"}, "kernel_constraint": null, "bias_constraint": null, "implementation": 1, "bias_regularizer": null, "return_state": false, "activity_regularizer": null, "units": 32, "activation": "tanh", "kernel_regularizer": null, "return_sequences": true, "recurrent_activation": "hard_sigmoid", "recurrent_regularizer": null, "name": "lstm_2", "recurrent_dropout": 0.0, "go_backwards": false, "kernel_initializer": {"config": {"scale": 1.0, "mode": "fan_avg", "seed": null, "distribution": "uniform"}, "class_name": "VarianceScaling"}, "dropout": 0.0, "recurrent_constraint": null, "trainable": true, "stateful": false}, "class_name": "LSTM"}, "trainable": true}, "class_name": "Bidirectional"}, {"config": {"activation": "relu", "name": "activation_2", "trainable": true}, "class_name": "Activation"}, {"config": {"merge_mode": "concat", "name": "bidirectional_3", "layer": {"config": {"use_bias": true, "unit_forget_bias": true, "recurrent_initializer": {"config": {"gain": 1.0, "seed": null}, "class_name": "Orthogonal"}, "unroll": false, "bias_initializer": {"config": {}, "class_name": "Zeros"}, "kernel_constraint": null, "bias_constraint": null, "implementation": 1, "bias_regularizer": null, "return_state": false, "activity_regularizer": null, "units": 32, "activation": "tanh", "kernel_regularizer": null, "return_sequences": false, "recurrent_activation": "hard_sigmoid", "recurrent_regularizer": null, "name": "lstm_3", "recurrent_dropout": 0.0, "go_backwards": false, "kernel_initializer": {"config": {"scale": 1.0, "mode": "fan_avg", "seed": null, "distribution": "uniform"}, "class_name": "VarianceScaling"}, "dropout": 0.0, "recurrent_constraint": null, "trainable": true, "stateful": false}, "class_name": "LSTM"}, "trainable": true}, "class_name": "Bidirectional"}, {"config": {"activation": "linear", "kernel_regularizer": null, "use_bias": true, "kernel_initializer": {"config": {"scale": 1.0, "mode": "fan_avg", "seed": null, "distribution": "uniform"}, "class_name": "VarianceScaling"}, "bias_initializer": {"config": {}, "class_name": "Zeros"}, "name": "dense_1", "kernel_constraint": null, "bias_constraint": null, "units": 128, "bias_regularizer": null, "activity_regularizer": null, "trainable": true}, "class_name": "Dense"}, {"config": {"activation": "relu", "name": "activation_3", "trainable": true}, "class_name": "Activation"}, {"config": {"name": "dropout_1", "seed": null, "trainable": true, "rate": 0.5, "noise_shape": null}, "class_name": "Dropout"}, {"config": {"activation": "linear", "kernel_regularizer": null, "use_bias": true, "kernel_initializer": {"config": {"scale": 1.0, "mode": "fan_avg", "seed": null, "distribution": "uniform"}, "class_name": "VarianceScaling"}, "bias_initializer": {"config": {}, "class_name": "Zeros"}, "name": "dense_2", "kernel_constraint": null, "bias_constraint": null, "units": 1024, "bias_regularizer": null, "activity_regularizer": null, "trainable": true}, "class_name": "Dense"}, {"config": {"activation": "softmax", "name": "activation_4", "trainable": true}, "class_name": "Activation"}], "name": "sequential_1"}, "backend": "tensorflow", "class_name": "Sequential", "keras_version": "2.2.4"}